Make,Model,Color,Year
Buick,Regal,Pink,2012
Chevrolet,Suburban,Turquoise,2011
Smart,Fortwo,Teal,2012
Bentley,Continental Super,Orange,2011
GMC,Canyon,Purple,2011
Dodge,Challenger,Crimson,2011
GMC,Acadia,Aquamarine,2011
Aston Martin,V8 Vantage S,Aquamarine,2011
Kia,Sportage,Mauv,2011
Ram,Dakota,Green,2011
Subaru,Impreza WRX,Crimson,2011
Chevrolet,Silverado 2500,Orange,2011
Audi,Q5,Aquamarine,2012
Mercury,Grand Marquis,Puce,2011
Cadillac,CTS-V,Mauv,2011
Mercedes-Benz,SLK-Class,Purple,2011
Lexus,IS-F,Aquamarine,2011
GMC,Yukon XL 2500,Aquamarine,2012
BMW,1 Series,Purple,2012
Chrysler,Town & Country,Goldenrod,2011
Lexus,LX,Goldenrod,2011
Ford,F450,Purple,2012
Acura,TSX,Khaki,2012
Audi,Q7,Khaki,2011
Mercedes-Benz,CLS-Class,Puce,2011
Volvo,S80,Purple,2012
Toyota,FJ Cruiser,Orange,2011
Volkswagen,CC,Goldenrod,2013
Audi,A3,Maroon,2012
Cadillac,Escalade,Blue,2012
BMW,X6 M,Puce,2013
Bentley,Continental GT,Pink,2012
Chevrolet,Corvette,Red,2012
Infiniti,M,Indigo,2011
Nissan,Maxima,Crimson,2011
Ford,Escape,Fuscia,2013
Porsche,Cayenne,Pink,2011
Ferrari,458 Italia,Aquamarine,2011
Mitsubishi,Eclipse,Green,2012
Mazda,CX-9,Khaki,2012
BMW,X6,Fuscia,2013
Lincoln,MKT,Red,2013
MINI,Countryman,Pink,2011
Mazda,Mazda6,Indigo,2011
Nissan,Sentra,Violet,2012
Audi,A5,Purple,2011
Dodge,Grand Caravan,Purple,2012
Ford,Edge,Turquoise,2011
Volkswagen,Routan,Violet,2011
Volvo,C70,Green,2011
Chevrolet,Equinox,Crimson,2012
Nissan,Titan,Turquoise,2012
Mazda,Mazda6,Goldenrod,2011
Mercedes-Benz,S-Class,Pink,2011
Nissan,Murano,Aquamarine,2012
Lexus,LS,Yellow,2012
GMC,Yukon XL 1500,Pink,2011
Chevrolet,Volt,Aquamarine,2012
Mazda,CX-7,Pink,2011
Chevrolet,Silverado 2500,Yellow,2012
Rolls-Royce,Ghost,Red,2011
Buick,Enclave,Goldenrod,2012
Cadillac,Escalade,Maroon,2011
Land Rover,Range Rover,Violet,2011
Honda,Insight,Indigo,2011
GMC,Canyon,Indigo,2012
Toyota,Corolla,Turquoise,2012
Suzuki,Equator,Red,2011
Lincoln,MKX,Fuscia,2012
Ford,Edge,Violet,2013
Toyota,Prius,Crimson,2011
GMC,Terrain,Blue,2012
Audi,S4,Pink,2012
Nissan,Frontier,Goldenrod,2012
Chevrolet,Traverse,Maroon,2012
Nissan,Rogue,Red,2012
Nissan,Cube,Purple,2012
Audi,Q5,Crimson,2011
Land Rover,Discovery,Fuscia,2011
Infiniti,IPL G,Turquoise,2012
Ford,Crown Victoria,Puce,2011
Ford,Edge,Orange,2012
Nissan,Sentra,Orange,2012
Infiniti,FX,Teal,2011
Dodge,Challenger,Blue,2011
Volvo,S60,Aquamarine,2013
Infiniti,QX,Purple,2012
Nissan,Murano,Teal,2012
Nissan,Xterra,Khaki,2011
Infiniti,EX,Orange,2011
Lexus,LX,Blue,2013
Lincoln,MKX,Crimson,2011
Honda,Civic,Turquoise,2011
GMC,Yukon XL 1500,Blue,2012
Mitsubishi,Outlander Sport,Pink,2011
Honda,FCX Clarity,Pink,2012
